cgpa,score,placed
7.54,54,0
9.15,74,1
9.92,84,1
9.6,63,1
6.82,68,0
6.84,52,0
7.77,81,1
6.05,39,0
8.12,46,0
7.42,77,1
9.15,64,1
6.48,31,0
8.02,92,1
8.21,31,0
7.78,33,0
5.39,37,1
7.09,79,1
8.66,94,1
8.77,75,1
5.59,90,0
6.95,96,0
8.07,94,1
6.86,89,0
7.56,69,1
8.74,98,1
7.1,72,1
9.22,35,0
5.54,54,0
7.71,64,1
7.24,43,0
5.94,52,0
8.06,62,1
8.33,58,0
7.39,56,0
5.02,38,1
9.28,85,1
9.51,38,0
7.34,34,0
6.96,57,0
9.01,42,1
7.64,75,1
7.82,88,1
8.88,92,1
9.86,73,1
5.7,96,0
6.64,71,0
5.69,38,0
5.65,37,0
5.89,38,0
5.57,74,0
9.1,78,1
9.65,40,0
9.86,47,0
5.94,44,0
9.4,43,0
6.52,88,1
9.4,68,1
7.16,48,0
6.17,54,0
5.78,44,1
8.04,66,1
5.34,89,0
6.26,34,0
6.23,92,0
8.2,64,1
7.46,66,1
6.78,68,0
5.36,67,0
7.81,87,1
7.46,71,1
7.94,91,1
7.38,59,0
8.69,77,1
5.96,78,0
8.5,62,1
6.58,49,0
5.99,35,1
5.16,60,0
8.91,50,0
9.16,81,1
6.48,33,0
9.06,97,1
7.56,53,0
6.41,53,0
8.37,66,1
8.32,65,1
7.95,49,0
6.65,35,0
8.74,37,0
8.56,42,0
8.35,39,0
7.33,79,1
6.74,38,0
9.95,72,1
7.66,37,0
9.93,80,1
5.85,43,0
9.77,63,1
9.86,75,1
9.62,75,1
7.2,98,1
9.4,82,1
6.28,52,0
7.97,45,0
5.21,69,0
9.1,88,1
7.74,77,1
6.4,63,0
8.31,99,1
9.04,39,0
7.22,72,1
9.56,64,1
7.95,87,1
9.93,90,1
7.15,43,0
6.31,49,0
7.04,94,0
8.66,83,1
7.27,98,1
7.56,89,1
7.14,33,0
9.4,96,1
8.88,90,1
7.07,86,1
9.75,45,0
7.97,49,0
6.39,57,0
7.15,35,0
9.35,63,1
9.5,87,0
5.46,95,0
7.29,96,1
8.22,65,1
7.28,75,0
9.12,53,0
9.62,83,0
7.99,37,0
6.93,39,0
7.84,60,0
9.9,30,0
5.83,77,0
6.83,73,0
9.76,61,1
9.91,69,1
5.58,64,0
9.93,60,0
9.96,49,0
9.75,85,1
7.33,62,1
8.0,98,1
6.38,93,0
7.35,88,1
5.92,97,0
6.76,48,0
9.9,64,1
5.95,88,0
9.22,92,1
9.4,51,0
9.08,82,1
5.41,87,0
7.17,77,0
8.52,91,1
6.0,95,0
6.47,54,0
6.94,37,0
7.06,37,0
5.95,36,0
8.55,82,1
7.48,90,1
9.7,54,1
8.91,97,0
7.37,33,0
8.74,63,1
8.03,65,1
7.14,57,0
5.65,79,0
7.49,97,1
9.9,39,1
8.66,98,1
8.02,84,1
6.34,58,0
7.04,33,0
9.16,51,0
8.31,88,1
9.44,41,0
9.92,67,1
5.62,51,1
6.79,72,1
5.7,35,0
8.88,76,1
9.27,37,0
8.77,93,0
6.33,66,1
5.1,35,0
6.19,59,0
9.62,67,0
7.95,67,1
8.4,30,0
7.17,31,0
5.68,38,0
9.53,42,0
5.85,42,0
9.87,92,1
5.8,68,0
5.87,77,0
7.99,59,0
9.67,49,0
8.35,81,1
6.79,56,0
5.76,37,0
6.47,67,0
5.56,69,0
9.13,93,1
9.91,90,1
5.18,45,0
8.11,88,1
8.91,31,0
8.4,82,1
6.52,74,0
7.98,92,1
9.64,40,0
9.73,82,1
8.33,85,1
6.33,62,0
9.39,89,0
5.76,74,0
8.68,58,0
8.77,36,0
8.25,56,0
7.45,87,0
5.55,34,0
7.79,82,1
6.91,90,0
9.96,45,0
6.05,45,0
7.49,65,1
9.71,86,0
5.05,83,0
5.51,63,0
8.96,44,0
5.77,54,0
9.36,54,0
9.68,42,0
5.13,39,0
8.52,72,1
5.83,94,0
5.82,68,0
8.13,71,1
9.29,37,0
7.96,67,1
5.79,81,1
5.97,87,0
5.72,91,0
5.53,37,0
8.79,50,0
8.67,82,1
5.7,81,0
7.14,89,1
8.28,85,1
5.48,55,0
7.05,43,0
9.37,85,1
7.54,93,1
5.41,96,0
6.39,43,0
8.84,72,1
8.5,54,0
5.73,73,0
5.47,35,0
8.36,99,1
5.98,97,0
7.93,87,1
7.19,30,0
7.93,57,0
6.15,33,0
5.16,44,0
6.08,52,0
5.69,95,0
5.66,52,0
6.81,87,0
8.56,87,1
8.45,39,0
6.73,47,0
7.9,87,1
9.41,68,1
8.1,36,0
9.33,49,0
5.01,45,0
6.35,30,0
9.72,92,0
8.89,31,0
8.52,83,1
9.73,98,1
6.98,60,0
8.15,46,0
6.11,30,1
6.27,83,0
7.2,94,1
9.5,34,0
7.4,95,1
8.11,72,1
6.63,41,0
5.87,57,0
7.27,84,1
7.6,99,1
7.28,59,0
5.12,89,0
7.97,43,0
8.97,34,0
9.22,45,0
7.62,96,1
9.57,34,0
6.67,87,0
9.05,39,0
9.33,36,0
8.87,85,1
6.68,47,0
7.4,36,0
6.68,47,1
9.1,74,1
8.75,75,1
7.44,61,1
7.33,32,0
6.12,88,0
7.73,79,1
5.36,84,1
9.53,53,0
5.01,83,0
7.69,95,1
6.06,82,0
5.04,96,0
8.5,63,1
6.68,47,0
5.29,48,0
8.02,93,1
8.46,75,1
7.66,85,0
6.08,68,0
8.57,53,0
9.44,86,1
7.12,38,0
5.28,61,0
8.54,71,1
5.53,31,0
9.59,43,0
7.21,41,0
7.34,56,0
9.33,93,1
6.19,91,0
6.0,57,0
9.13,57,0
8.97,36,0
8.79,73,0
9.09,71,1
9.96,48,0
8.6,33,1
8.58,96,1
8.34,94,1
8.74,71,1
7.72,33,0
7.69,85,1
8.54,39,0
6.0,39,0
5.99,41,0
5.08,84,0
6.82,88,0
5.64,38,0
9.45,42,0
8.6,90,1
6.55,35,0
7.95,68,1
8.61,37,0
7.08,32,0
5.33,78,1
8.6,76,1
6.75,32,0
8.11,62,1
8.88,88,1
6.54,49,0
5.02,72,0
5.66,51,0
6.26,95,0
6.18,57,0
7.1,86,1
6.14,31,0
5.39,97,0
8.53,78,1
6.9,93,0
8.63,85,0
5.56,76,0
8.78,82,1
9.39,36,0
7.69,43,0
7.0,96,0
8.06,52,0
7.81,92,0
9.44,45,0
6.03,96,0
8.41,66,1
7.71,43,0
6.84,51,0
5.73,58,0
8.63,84,0
6.05,90,0
7.64,35,0
5.12,78,0
9.52,30,0
7.73,74,1
9.44,60,0
8.32,66,1
5.5,36,0
8.48,79,1
9.69,94,1
6.62,31,0
8.39,43,0
6.95,88,0
9.18,63,1
9.7,50,0
9.43,81,1
6.15,94,0
5.18,81,0
6.27,95,0
6.01,61,0
8.68,54,1
6.68,70,0
7.07,88,1
9.5,31,0
6.29,50,0
9.59,56,0
5.71,55,0
5.94,77,0
5.63,65,0
5.26,61,0
8.3,61,1
6.57,61,1
6.38,51,0
5.55,56,0
9.08,52,0
8.27,64,1
8.06,54,0
5.55,65,0
7.26,80,0
5.34,93,0
8.52,89,1
5.35,88,0
8.43,89,1
6.87,32,0
8.51,69,1
7.19,80,1
7.04,54,0
5.72,62,0
8.43,33,0
6.92,87,0
9.56,61,1
6.8,35,0
6.16,87,0
8.0,60,0
7.28,43,0
5.69,99,0
7.72,33,0
6.83,65,0
9.83,37,0
8.99,30,0
8.07,63,1
8.31,73,1
8.19,63,1
7.17,43,1
7.13,97,1
6.99,86,0
9.42,54,0
8.39,76,1
7.12,88,1
6.61,88,0
8.83,92,1
7.84,96,1
6.32,63,0
9.81,54,0
5.71,79,0
8.22,67,0
6.73,65,0
8.38,67,1
6.67,71,0
5.88,71,0
6.64,82,0
5.67,95,0
9.18,83,1
8.01,86,0
8.31,47,0
5.24,51,0
7.47,97,1
7.1,69,0
8.0,33,0
7.44,86,1
5.66,40,0
6.55,49,0
7.75,57,0
6.85,52,0
5.06,33,0
9.6,35,0
6.47,52,1
7.24,67,1
9.43,87,1
9.96,83,1
6.47,97,0
7.52,34,0
9.77,81,1
6.49,96,1
7.32,79,0
8.68,47,0
7.95,94,1
5.68,84,0
7.1,61,1
6.74,85,0
7.39,82,1
6.89,59,0
9.15,65,1
5.63,61,0
8.16,58,0
7.76,55,0
8.11,45,0
9.3,98,1
8.1,42,0
5.28,49,0
5.58,78,0
6.21,49,0
9.08,57,0
5.17,61,0
6.67,34,0
7.1,61,1
7.13,38,0
8.33,31,0
9.55,56,0
8.05,79,1
8.91,33,0
9.78,57,0
9.58,33,0
9.25,67,1
7.88,48,0
8.83,89,0
6.84,58,0
8.99,43,0
8.3,50,0
8.02,33,0
8.59,88,0
7.2,35,1
6.26,68,0
5.6,59,1
6.66,71,0
6.59,69,1
9.17,41,0
9.8,65,1
5.8,51,0
8.17,90,1
8.78,81,1
6.05,83,0
6.84,55,0
5.87,32,0
5.11,45,0
7.16,42,0
7.55,54,0
9.53,74,1
6.16,99,0
6.0,75,0
8.18,61,1
9.47,57,0
9.19,55,0
6.43,51,0
5.87,41,0
6.71,36,0
6.62,32,0
8.43,47,0
6.21,76,0
9.8,63,1
8.18,32,0
7.21,76,1
6.01,58,0
6.98,74,0
5.14,31,0
5.86,65,0
5.05,50,0
5.91,34,0
6.29,92,0
6.12,52,0
6.29,86,0
8.85,46,1
7.51,83,0
9.7,96,1
5.79,75,0
7.09,36,1
5.56,83,0
9.19,98,1
7.44,34,0
9.82,39,0
6.05,88,0
5.08,83,0
9.67,66,1
9.36,87,1
5.4,39,0
8.65,53,0
9.64,47,1
6.12,42,0
5.63,55,0
7.61,83,1
8.55,84,1
5.03,78,0
7.79,85,1
6.77,80,0
9.38,50,0
6.36,60,1
8.28,37,0
7.87,46,0
8.57,82,1
9.9,67,1
5.36,89,0
5.31,51,0
9.48,95,0
5.06,32,0
6.87,47,0
6.26,37,1
5.08,31,0
9.03,66,1
5.9,87,0
6.83,99,0
5.34,36,0
7.62,92,0
9.11,52,0
8.99,92,1
7.72,30,0
7.37,94,1
9.18,94,1
9.79,33,1
9.67,52,0
7.45,89,1
9.85,90,1
6.98,49,0
9.77,43,0
8.19,41,0
9.29,83,1
9.96,47,0
7.41,72,1
7.66,89,1
5.33,69,0
5.53,55,0
6.78,32,0
5.3,37,0
8.24,51,0
5.61,51,0
9.09,68,1
9.77,84,1
9.93,38,0
5.58,77,0
7.95,35,0
8.59,82,1
7.79,68,1
7.61,97,1
6.97,32,0
9.29,68,1
8.27,58,0
9.88,80,1
6.99,69,0
5.91,70,0
5.96,65,0
9.44,58,0
9.91,72,1
7.64,70,1
5.61,39,0
7.99,34,0
6.26,43,0
5.96,76,0
5.9,44,0
6.3,81,0
6.28,76,0
8.19,49,0
7.51,75,1
6.3,45,0
7.97,90,1
8.39,35,0
9.24,96,1
5.6,68,0
9.88,97,1
9.86,48,0
5.44,57,0
8.15,78,1
6.56,47,1
5.88,74,0
7.72,30,0
5.85,78,0
7.83,77,1
6.48,40,0
5.4,92,0
9.36,52,0
9.7,58,0
7.39,50,0
8.27,52,0
5.38,41,0
7.24,33,0
7.46,56,0
6.38,85,0
9.09,54,0
8.74,47,1
7.97,65,1
6.96,71,0
7.3,77,1
9.35,76,1
8.77,78,1
7.69,37,0
7.49,85,1
7.1,86,1
7.98,32,0
5.49,68,0
5.13,46,0
9.37,56,0
7.83,67,1
8.55,81,1
8.48,42,0
8.49,50,0
7.05,89,1
5.35,76,0
8.05,89,1
9.24,86,1
8.61,81,1
7.2,38,0
9.85,60,0
8.71,94,1
7.07,52,0
5.16,50,0
6.09,94,0
7.37,37,0
8.17,72,0
9.2,42,0
6.93,86,0
5.02,99,1
5.4,71,0
9.61,35,0
7.26,71,1
9.54,97,1
6.34,34,0
5.52,55,1
6.96,48,0
8.11,57,0
7.74,75,0
9.18,52,0
6.51,69,0
5.8,55,0
6.37,62,0
7.64,87,1
8.07,55,0
6.04,69,0
5.35,70,0
8.31,59,1
5.95,56,0
8.34,78,1
9.8,95,1
8.99,98,1
9.41,63,0
7.41,88,1
6.03,97,0
7.41,52,0
7.47,89,1
6.4,76,1
7.12,70,1
6.34,69,0
7.56,36,1
8.95,83,1
8.77,85,1
5.35,64,0
6.79,94,1
9.46,38,0
8.91,30,0
7.51,30,0
9.58,42,1
5.01,54,0
5.42,33,0
6.52,98,0
6.92,79,1
8.19,99,1
5.42,31,0
8.78,87,1
5.98,30,1
6.58,61,0
9.87,66,1
6.57,60,1
9.25,50,0
8.37,49,1
9.09,70,1
8.82,36,0
9.31,93,1
8.65,42,0
8.32,69,1
9.03,93,1
8.15,70,1
9.3,53,0
5.88,43,0
8.84,75,1
8.17,74,1
7.38,68,1
6.93,50,0
9.54,42,0
6.75,54,0
5.77,97,0
6.3,86,0
9.15,31,0
9.94,86,1
6.12,89,0
7.55,80,1
6.38,93,0
9.08,53,0
5.35,92,0
9.97,94,1
7.99,31,0
8.86,37,0
6.73,82,1
7.82,41,0
7.18,88,1
9.79,92,1
9.15,60,0
6.04,64,0
9.68,55,0
5.78,98,0
6.92,87,0
5.45,57,0
7.17,98,0
9.83,68,1
9.45,79,1
5.14,93,0
6.14,57,0
6.43,80,0
9.82,84,1
9.94,30,0
7.99,56,0
7.91,63,1
7.25,58,1
5.83,53,0
5.26,39,0
8.75,71,1
6.58,60,0
9.06,57,0
6.72,47,0
9.79,63,0
9.95,82,1
8.28,49,0
8.7,94,1
6.93,41,0
7.01,34,0
9.72,42,0
6.49,96,0
9.95,63,0
8.25,56,0
8.87,36,0
6.94,45,0
6.14,86,0
5.53,45,0
9.07,41,0
5.77,45,0
6.1,46,0
8.81,68,1
9.16,63,1
7.96,35,0
6.39,78,0
8.69,85,1
5.67,97,0
8.37,95,1
8.99,53,0
6.03,67,0
5.59,67,0
8.34,95,1
7.19,51,0
7.58,86,1
7.13,33,1
6.85,54,0
8.97,97,1
7.89,59,1
5.88,48,0
8.64,56,0
8.33,82,0
5.05,58,0
5.0,33,0
5.3,45,0
6.55,77,0
5.9,59,0
8.48,71,1
8.97,57,0
6.81,97,1
8.03,58,0
7.29,93,1
7.56,93,1
9.77,68,1
5.43,87,0
7.02,95,1
6.67,52,0
5.5,91,0
7.53,30,0
9.72,64,1
5.17,48,1
5.5,37,0
6.3,71,0
6.48,69,0
8.47,77,1
6.16,64,0
7.05,96,1
7.82,85,1
8.2,56,0
8.36,75,1
5.53,89,0
5.64,60,1
8.58,64,1
7.67,43,0
5.43,71,0
9.03,92,1
8.53,48,0
8.52,73,1
9.39,89,1
5.54,92,0
6.29,67,0
8.31,63,1
6.29,73,0
6.53,76,0
5.25,73,0
7.75,79,1
6.53,69,0
7.67,51,0
7.62,47,0
5.15,90,0
5.72,73,0
7.93,33,0
9.23,84,1
6.4,86,0
5.3,60,1
9.61,36,0
6.7,87,0
7.88,98,1
9.22,59,0
5.44,30,0
6.57,87,1
9.31,75,0
5.66,93,1
7.05,73,1
6.31,87,0
5.05,52,1
7.92,84,1
9.81,66,1
6.81,56,0
8.1,94,1
5.44,69,0
7.73,67,1
5.45,94,1
8.43,54,0
7.41,61,1
8.53,43,0
7.69,33,0
8.84,64,1
5.87,57,0
7.6,37,0
8.4,69,1
8.29,79,0
9.6,84,1
6.75,76,0
9.91,91,1
9.09,50,0
6.79,87,0
9.21,68,1
6.35,94,0
5.22,66,0
9.62,34,0
9.51,96,1
9.97,88,1
8.54,45,0
8.54,71,1
6.19,51,0
9.82,79,1
8.29,65,1
7.49,33,0
7.13,80,1
6.39,67,0
6.62,81,0
6.53,57,0
5.93,91,0
9.55,79,0
7.28,48,0
6.88,36,0
8.06,64,1
6.61,77,0
9.26,48,0
7.34,52,0
6.33,64,0
6.44,65,1
5.91,32,0
5.16,89,0
9.31,54,0
9.97,96,1
6.29,73,0
6.5,90,0
8.0,76,1
5.09,71,0
7.75,91,1
6.66,79,0
7.88,98,0
9.41,95,1
7.4,90,1
6.27,76,1
6.76,40,1
9.45,64,1
5.92,47,0
6.22,72,0
9.65,63,1
9.55,45,0
5.56,81,0
5.27,69,0
6.54,55,0
5.96,77,0
8.15,49,0
9.68,56,0
9.12,58,0
9.8,56,0
7.15,41,0
9.81,43,0
7.19,44,0
6.91,46,0
8.1,52,0
9.36,59,0
5.7,52,0
9.81,82,1
7.82,39,0
5.76,74,0
9.71,76,1
7.3,34,0
9.98,63,1
8.42,74,1
9.18,43,0
9.41,93,1
8.31,66,1
7.05,51,1
9.23,77,1
7.44,35,0
9.92,81,1
8.52,98,1
6.39,97,0
5.26,89,0
6.87,90,0
5.28,54,0
7.62,68,1
5.7,52,1
6.24,73,0
5.58,88,1
5.58,41,0
9.41,73,1
7.26,54,0
7.85,86,1
9.63,39,0
9.62,43,0
6.17,54,0
8.03,71,1
8.29,34,1
9.64,73,0
5.26,85,0
5.83,69,0
6.85,46,0
9.96,72,1
6.23,35,0
7.41,99,1
8.61,43,0
5.48,36,0
5.12,97,0
7.22,44,0
9.57,65,1
5.54,67,0
6.96,77,1
6.87,43,1
7.83,96,1
8.27,71,1
7.93,67,1
9.19,60,0
6.67,49,0
7.26,39,0
8.91,60,1
9.21,49,0
8.73,35,0
9.51,44,0
9.14,52,1
7.2,77,1
9.09,91,0
9.06,87,1
6.97,68,0
5.55,73,0
5.23,31,0
7.06,62,1
5.07,34,0
5.53,74,0
9.26,65,1
5.25,55,1
6.64,36,0
5.66,64,0
5.91,97,0
5.46,51,0
9.55,91,1
8.33,77,1
5.44,34,0
7.82,33,0
9.62,45,0
5.81,73,1
9.53,31,0
5.63,93,0
8.35,48,0
6.24,70,0
7.08,33,1
6.73,33,0
8.3,86,1
6.41,47,0
9.56,79,1
8.2,47,0
5.65,40,0
9.08,55,0
7.96,30,0
7.03,97,1
6.47,46,0
7.13,76,1
8.71,32,1
5.47,52,0
6.69,48,0
5.66,80,0
6.07,71,0
9.89,74,1
7.43,42,0
7.41,93,1
7.57,71,1
7.54,61,1
9.37,67,1
5.36,52,1
7.22,66,1
6.08,74,1
5.07,34,0
8.58,31,0
7.01,31,0
7.51,95,1
5.98,67,0
8.76,72,0
7.88,86,1
6.78,80,0
8.14,34,1
8.62,76,1
9.15,53,0
9.95,89,1
9.55,41,0
6.43,56,0
9.12,63,1
8.79,58,0
5.98,57,0
5.84,96,0
8.33,42,0
7.45,52,0
7.19,54,0
9.29,86,1
7.38,56,0
5.98,81,1
5.57,40,0
8.74,71,1
9.63,76,1
7.29,54,1
7.09,47,0
6.18,98,0
7.48,78,0
7.58,55,0
9.95,30,0
6.31,45,0
7.38,77,1
6.26,85,0
9.93,96,1
9.65,42,0
5.43,46,0
8.16,39,0
8.13,87,1
6.43,33,0
5.49,72,0
7.51,80,1
5.78,90,0
8.17,33,0
7.23,95,1
8.4,97,1
9.93,35,0
6.54,88,0
6.96,39,0
8.37,89,1
7.43,96,1
8.56,84,1
6.94,36,0
7.24,93,1
8.27,92,1
8.68,75,1
7.14,96,1
9.09,80,1
9.99,93,1
8.66,50,0
6.41,67,1
5.86,46,0
6.09,92,1
5.27,30,0
5.36,44,1
5.18,61,0
5.96,33,0
5.3,74,0
7.25,32,0
7.17,79,1
7.24,47,0
9.98,40,0
9.86,61,1
8.1,30,0
6.85,71,0
6.8,43,0
6.42,50,0
7.01,60,0
6.05,62,0
7.27,80,1
7.96,70,1
6.65,35,1
8.81,34,0
8.62,42,0
7.08,53,0
6.1,41,0
6.21,74,0
6.57,40,0
9.5,53,1
9.18,87,1
6.0,35,0
7.11,66,1
7.21,50,0
6.47,57,0
8.12,77,1
6.67,33,0
5.01,56,0
6.0,44,0
6.99,84,0
9.75,46,0
7.88,43,0
8.34,85,1
8.74,49,0
9.95,92,0
8.5,40,0
6.7,43,0
5.29,81,0
5.29,86,0
8.57,54,0
9.04,86,1
6.23,33,0
5.68,36,0
7.39,69,0
6.53,85,0
6.25,31,0
8.5,78,1
8.49,95,1
9.82,62,1
7.82,82,1
6.72,42,0
9.33,63,0
7.34,38,0
8.95,48,0
7.39,52,0
9.37,72,1
8.19,64,1
5.17,56,0
7.0,86,0
5.74,63,0
6.85,62,0
5.94,52,0
7.64,78,1
5.68,53,0
6.3,33,0
9.13,32,1
5.82,65,0
9.57,98,1
7.41,45,0
8.6,73,1
8.45,89,1
6.45,65,0
8.87,58,0
6.61,75,0
9.26,32,0
8.15,53,0
9.75,30,0
8.36,96,1
5.62,53,0
8.79,87,1
8.77,56,0
5.93,72,0
9.79,83,1
7.1,31,1
7.48,70,1
8.19,74,1
8.26,51,0
6.37,79,0
6.51,71,0
6.27,41,0
8.5,32,0
8.36,32,0
8.38,33,0
7.11,31,0
8.89,82,1
6.6,77,0
7.01,63,1
5.44,60,0
7.96,34,0
6.7,94,0
9.89,31,0
7.19,76,1
9.5,76,1
6.6,93,0
9.47,47,0
6.34,38,0
5.41,89,0
7.58,35,0
6.27,47,0
7.49,80,0
6.34,93,0
6.47,43,1
5.9,35,0
9.38,60,0
6.19,95,0
6.92,87,0
5.09,46,0
9.23,95,1
9.69,90,1
9.52,78,1
7.77,70,1
9.24,83,1
6.59,93,0
9.69,75,1
7.35,37,0
9.99,48,0
8.97,56,0
5.78,88,0
5.93,35,0
9.2,40,0
7.1,83,1
7.86,77,1
6.0,88,1
9.9,53,1
6.42,88,1
7.38,63,1
6.85,99,0
7.83,56,0
9.88,55,0
7.87,42,0
6.94,61,0
5.94,97,0
6.74,97,0
7.46,89,1
9.77,58,0
8.8,69,1
6.38,61,0
6.11,77,0
6.95,45,0
7.93,49,0
7.8,99,1
8.79,43,0
5.18,52,0
9.81,43,0
7.91,95,1
8.51,54,0
6.25,62,0
8.25,94,1
6.68,57,0
7.38,90,1
5.06,96,0
5.93,35,0
8.34,38,0
7.72,88,1
7.12,96,1
7.71,37,0
6.53,30,0
7.93,33,0
7.74,82,1
5.13,82,0
8.5,96,1
7.11,30,0
6.25,36,0
9.1,57,0
8.22,65,1
7.45,60,0
8.09,72,1
9.6,75,1
5.47,38,0
7.59,66,1
8.5,97,1
7.22,35,0
7.42,45,0
7.16,42,0
7.24,67,1
6.08,44,0
8.6,96,1
5.87,63,0
6.96,36,0
5.11,72,0
8.42,88,1
6.75,68,0
5.71,98,0
9.1,36,0
7.83,70,1
6.03,52,1
5.65,59,0
7.27,85,1
6.31,49,0
6.0,65,0
5.04,74,0
8.62,37,0
8.76,97,1
8.26,90,1
8.82,96,1
9.74,51,0
8.82,81,1
6.62,85,0
5.29,48,0
6.33,45,0
6.09,84,0
8.61,44,0
5.95,58,1
7.64,82,1
6.48,45,0
6.26,43,1
9.98,53,0
5.36,55,0
8.87,48,0
7.86,82,1
9.69,68,1
6.21,61,0
8.12,76,1
7.55,33,0
8.16,91,1
6.65,34,0
7.23,93,1
5.09,77,0
5.43,64,0
9.16,94,1
5.84,37,0
6.65,79,0
8.4,73,1
9.27,76,1
9.49,68,0
7.41,66,1
6.04,99,1
8.36,41,0
9.58,67,1
6.98,61,0
7.55,82,1
8.31,38,0
6.51,74,0
9.26,48,0
5.85,87,0
9.4,99,1
9.64,31,0
8.55,83,1
7.34,43,0
9.04,40,0
5.92,90,0
6.88,54,1
5.12,34,0
5.81,31,0
5.89,47,0
5.21,46,0
6.46,68,0
7.8,61,1
9.41,81,1
5.07,49,1
8.35,45,0
7.75,84,1
6.21,53,0
5.93,93,0
8.72,69,1
9.57,74,1
7.91,99,1
8.04,60,0
6.1,50,0
9.58,87,1
9.72,45,0
5.26,80,0
6.84,83,0
5.81,52,0
9.18,39,0
9.62,35,0
8.29,78,1
7.26,72,1
5.05,48,0
6.79,54,0
7.44,72,0
7.13,65,0
8.93,72,0
9.14,81,1
7.26,95,1
8.54,83,1
8.09,30,1
8.2,99,1
9.29,46,0
5.5,71,0
5.93,70,0
6.94,67,0
8.82,39,0
6.99,31,0
7.16,44,0
8.92,79,1
6.27,54,0
7.11,51,0
6.03,55,0
6.44,67,0
8.05,63,1
8.82,48,0
7.86,93,1
7.59,33,0
7.54,69,1
9.6,52,0
6.42,73,0
6.19,69,0
8.37,97,1
9.63,77,1
6.11,97,0
7.71,78,0
9.48,59,0
8.35,39,0
6.58,68,1
9.14,53,0
7.94,97,1
6.04,41,0
8.4,90,1
8.96,43,0
8.85,63,1
6.93,76,0
5.98,30,0
6.49,88,0
6.53,64,0
6.37,98,0
5.29,32,0
7.94,48,0
9.8,83,1
8.4,50,0
7.91,88,1
8.37,55,0
5.41,79,1
9.76,95,1
8.57,41,0
8.59,70,1
6.47,35,0
5.26,37,0
5.26,51,0
9.72,75,1
7.01,81,1
8.9,83,1
9.22,41,0
6.52,61,0
5.72,73,0
7.46,84,1
9.08,95,1
9.45,97,1
7.58,92,1
5.64,59,1
8.33,50,0
7.43,30,0
8.01,64,1
6.98,72,0
8.33,36,0
9.85,56,0
5.55,75,0
9.21,97,1
8.89,91,1
8.79,83,1
6.72,78,0
7.53,49,0
9.39,86,1
9.06,64,1
8.01,84,1
9.97,52,0
9.68,46,0
6.15,31,0
7.19,98,1
9.68,77,1
8.04,43,0
5.39,98,1
5.72,97,0
6.6,75,0
8.04,45,0
5.31,71,0
9.88,52,0
6.87,90,0
5.48,50,0
9.94,31,0
7.47,32,0
8.16,98,1
9.64,62,1
8.95,67,1
5.36,56,0
8.06,36,0
8.1,60,1
9.81,64,1
8.42,48,0
9.43,30,0
6.72,35,0
8.92,40,1
8.4,80,1
5.57,98,0
6.74,73,0
5.88,62,0
8.0,66,1
5.75,93,0
7.79,63,1
6.0,68,0
9.82,95,1
9.66,66,1
5.75,82,0
7.65,30,1
6.81,62,0
7.88,31,0
8.55,75,1
8.42,78,1
8.56,41,0
8.44,84,1
7.74,40,0
9.97,48,0
9.8,83,1
9.09,33,0
6.43,67,0
7.44,71,1
5.26,55,0
5.83,42,0
7.16,45,0
6.59,35,0
5.03,79,1
7.46,50,0
8.77,47,0
6.61,62,0
9.59,68,0
8.39,84,1
9.26,35,0
5.34,51,0
5.52,59,1
9.44,56,0
7.05,98,1
8.77,38,0
5.8,53,0
8.49,75,1
8.13,66,1
5.28,77,0
9.93,56,0
5.02,79,0
5.55,90,0
9.15,54,0
8.43,98,1
8.58,64,1
9.14,84,1
6.5,60,0
5.57,86,0
6.81,92,0
6.77,94,0
8.69,35,1
6.98,52,0
6.23,54,0
7.05,40,0
8.43,46,0
7.79,36,0
8.3,68,1
8.03,48,0
8.71,88,0
6.84,82,0
5.63,86,0
7.79,60,0
7.02,71,1
5.89,54,0
6.08,65,0
6.57,44,0
6.11,35,0
9.21,44,0
6.11,86,0
6.39,30,0
8.92,42,0
5.56,62,0
6.96,79,0
5.69,97,0
7.97,77,0
7.32,43,0
7.66,56,0
9.53,45,0
9.85,56,0
9.03,84,1
7.11,41,0
5.17,50,0
9.07,55,0
8.57,88,1
9.62,41,0
6.1,69,0
7.47,81,1
9.63,45,0
6.83,33,0
9.18,68,1
8.1,32,0
5.7,81,1
9.61,93,1
7.56,98,1
9.64,53,0
7.23,98,1
6.53,60,0
9.0,80,1
9.37,42,0
5.99,58,0
6.93,91,0
7.82,35,0
9.71,38,0
8.05,73,1
5.5,37,0
9.54,77,1
7.11,78,1
8.18,73,1
7.94,55,0
8.62,32,0
9.8,94,1
7.58,31,0
8.25,58,0
9.6,48,0
8.27,97,1
5.92,43,1
9.79,76,1
8.17,92,1
6.1,96,0
6.28,86,0
8.45,89,0
6.74,70,0
6.72,89,0
8.21,92,1
5.74,74,0
5.61,31,0
7.99,93,1
8.41,48,0
9.72,74,0
6.95,40,0
6.77,82,0
9.92,38,1
9.98,39,1
5.05,78,0
6.19,65,0
6.72,80,0
6.86,93,0
5.4,32,0
8.41,34,0
5.37,53,0
6.11,42,0
9.82,35,1
5.83,87,0
9.94,93,1
9.68,51,0
5.53,81,0
6.41,63,0
7.21,37,0
6.64,65,0
9.03,94,1
8.91,80,1
9.27,52,0
7.84,61,1
7.59,37,0
5.23,91,0
9.17,36,0
6.97,79,0
9.41,89,1
8.99,98,1
5.13,97,0
7.88,64,1
6.94,95,1
5.47,88,1
7.02,64,1
5.72,79,0
7.38,48,0
6.6,55,0
8.81,82,1
9.46,56,0
8.43,36,0
9.58,90,1
9.43,85,1
5.17,97,0
5.74,91,0
8.06,96,1
7.01,46,0
9.51,82,1
8.69,42,0
9.37,99,0
7.44,58,0
9.09,52,1
9.2,73,1
9.38,30,0
9.76,45,0
8.07,54,0
6.12,44,0
9.68,48,0
7.13,35,0
8.7,31,0
5.58,73,0
7.22,60,0
8.22,81,0
9.69,66,1
8.82,32,0
8.28,66,1
6.65,44,1
7.29,80,1
6.75,84,0
6.79,70,0
5.85,31,0
6.05,59,0
9.22,91,1
7.62,61,1
9.38,62,1
7.77,87,1
6.46,70,0
7.64,46,0
9.92,93,1
6.44,58,0
7.94,72,0
6.87,66,0
8.86,87,1
6.74,70,0
7.55,68,1
6.13,50,0
7.08,45,0
9.49,73,1
9.81,97,1
6.79,48,0
6.86,99,0
9.68,59,0
5.15,87,0
8.34,30,0
5.97,85,0
5.07,50,0
9.66,32,0
5.45,96,0
6.01,41,0
7.57,33,0
5.56,94,0
6.69,92,0
6.81,98,0
9.88,38,0
9.75,76,1
8.48,74,1
9.87,71,1
8.13,79,1
6.53,45,0
9.05,86,1
9.21,42,0
9.5,80,1
8.47,56,0
9.27,41,0
6.74,71,0
5.27,46,0
8.56,96,1
7.9,77,1
6.67,61,0
7.34,38,1
9.24,35,0
8.52,86,1
8.12,34,0
8.06,98,1
5.79,42,0
7.06,63,1
6.48,77,1
8.53,68,1
8.22,39,0
9.53,45,0
9.7,54,0
8.17,82,1
8.07,64,1
5.52,98,0
9.07,52,0
7.09,73,1
5.75,48,0
6.8,89,0
6.09,83,0
7.44,78,1
7.4,44,0
8.63,40,0
6.6,84,0
9.1,71,0
6.09,48,0
7.78,92,1
9.89,86,1
7.56,81,0
7.97,77,1
7.71,66,1
8.44,73,1
8.38,62,1
9.37,63,1
8.14,72,1
7.13,98,1
8.9,70,1
6.58,57,0
5.92,35,0
9.48,75,1
5.04,72,0
5.24,84,0
5.53,87,0
7.5,95,1
6.31,42,1
5.72,46,0
8.85,89,1
5.53,87,0
5.6,37,0
8.07,87,1
9.69,87,1
6.15,40,0
9.19,54,0
8.47,34,0
8.48,97,1
9.89,60,0
6.09,30,0
8.85,98,1
8.82,77,1
7.96,73,1
8.82,79,1
8.86,67,0
9.39,69,1
9.89,98,1
9.46,37,1
8.63,77,1
9.27,80,1
9.12,60,0
8.21,99,1
6.23,82,1
7.67,78,1
9.81,38,0
8.04,86,1
5.7,82,0
6.39,38,0
9.66,31,0
5.2,61,0
8.64,78,1
9.23,52,0
6.88,92,0
8.57,74,1
9.55,48,0
9.96,47,0
9.53,65,1
8.12,45,0
6.2,42,1
8.26,53,0
7.83,61,1
7.78,47,1
5.75,89,0
7.5,73,1
8.02,37,0
6.72,98,0
6.32,54,0
6.32,62,0
7.39,38,0
9.41,45,0
7.97,36,0
6.83,73,0
8.37,58,0
7.66,77,1
7.27,56,0
6.86,45,0
7.96,57,0
9.63,84,1
8.55,51,0
5.87,37,0
9.47,38,0
9.08,40,1
5.9,31,0
7.88,49,0
7.4,32,0
9.8,86,1
9.98,33,0
8.89,51,0
8.05,77,1
8.64,97,1
9.08,61,1
5.78,37,0
6.67,99,0
8.33,64,1
9.66,36,0
7.4,64,1
9.83,75,0
9.57,75,1
8.17,59,0
6.92,79,0
8.95,64,1
5.56,32,0
8.14,44,1
9.28,66,1
7.86,70,1
6.4,38,0
8.35,76,1
9.78,37,0
8.67,65,1
9.33,38,0
5.89,45,1
7.04,45,0
6.25,93,0
6.97,68,0
6.56,64,0
8.58,37,0
5.93,54,1
6.96,33,0
8.21,56,0
8.1,60,0
5.51,50,0
8.16,69,1
6.09,75,0
9.22,77,1
7.71,76,1
6.79,60,0
8.2,59,0
7.53,64,1
7.29,49,0
5.58,60,0
7.4,68,1
7.68,45,0
8.92,72,1
9.79,40,0
6.06,98,0
6.77,70,0
8.61,34,0
7.86,68,1
7.5,37,0
8.38,39,0
9.76,52,0
6.48,88,0
5.58,52,0
5.82,40,1
6.54,83,0
5.45,87,0
5.99,43,0
5.57,61,0
6.77,39,0
8.31,66,1
5.2,97,1
7.57,30,0
7.41,55,0
8.46,99,1
7.73,38,0
6.97,38,0
6.39,49,1
6.32,73,0
8.73,93,1
6.27,54,0
7.22,61,1
6.97,90,0
6.51,72,0
8.93,86,1
5.83,40,0
7.38,48,0
5.65,69,0
8.28,64,1
5.76,79,1
8.48,87,0
7.7,98,1
7.04,45,0
9.81,82,1
5.03,99,0
8.44,42,0
7.74,41,0
6.3,81,1
7.17,97,1
7.53,64,1
5.22,62,0
8.42,66,1
6.66,46,0
9.61,97,0
5.78,84,0
9.76,54,0
6.33,95,0
6.61,39,0
7.08,30,0
5.19,54,0
7.18,89,1
9.4,47,0
5.61,59,1
5.69,43,0
6.33,67,0
5.52,67,1
6.75,89,0
6.78,71,0
6.04,97,0
8.09,52,0
6.56,52,0
9.22,45,0
6.09,84,0
6.54,94,0
9.15,73,1
8.74,31,0
9.29,92,1
8.78,75,1
6.17,63,1
8.7,64,1
6.82,97,0
8.94,43,1
6.08,98,0
6.56,52,0
8.7,86,1
9.47,99,1
7.99,38,0
6.73,94,0
5.31,45,0
5.33,77,1
7.91,78,1
9.52,51,1
6.87,52,0
7.59,66,1
8.68,70,1
8.22,35,0
6.38,47,0
9.51,45,0
8.67,30,0
6.1,62,1
7.17,35,1
9.69,61,1
8.39,85,1
8.82,94,1
8.88,40,0
6.27,50,0
9.97,73,1
8.29,42,0
9.54,77,1
5.58,90,0
6.9,52,0
9.74,90,1
8.3,88,1
7.53,37,0
5.37,69,0
9.43,71,1
9.5,61,1
9.78,32,0
7.68,67,1
7.38,88,1
8.1,67,1
6.78,33,0
5.29,84,0
6.81,46,0
9.44,78,1
6.78,88,0
6.74,75,0
8.08,78,1
6.03,34,0
8.83,37,0
9.89,82,1
8.29,92,1
8.87,47,0
9.72,80,1
7.32,38,0
8.82,58,0
7.52,36,0
6.27,53,0
5.93,79,0
9.54,63,1
6.95,98,0
7.08,39,0
7.1,96,1
8.83,93,1
5.21,59,0
5.42,66,0
9.23,64,1
8.49,39,0
8.55,57,0
9.78,48,0
9.1,56,0
9.64,49,0
5.58,56,0
6.81,38,0
9.91,50,0
9.56,37,0
7.39,89,1
8.42,47,1
9.27,96,0
7.27,80,1
6.33,96,0
8.22,89,1
9.67,50,0
8.71,44,0
8.04,68,1
8.54,55,0
9.68,36,0
8.0,52,0
7.17,90,1
7.98,98,1
5.69,43,0
7.73,46,0
7.15,73,1
8.33,38,0
9.37,93,1
8.7,73,1
7.72,82,1
7.95,95,1
8.28,52,0
5.53,74,0
7.25,51,0
7.41,88,1
5.67,63,0
6.94,64,0
6.64,47,0
9.41,50,0
8.0,53,0
7.81,48,0
8.99,48,0
5.53,91,0
9.8,42,0
9.5,85,1
7.03,36,0
8.44,64,1
6.98,32,0
8.62,35,0
5.12,68,0
9.73,63,0
9.3,44,0
6.76,39,0
6.48,65,0
8.23,45,0
8.33,43,0
5.56,38,0
7.51,43,0
5.36,84,0
5.18,80,1
6.3,90,0
7.18,41,0
7.16,55,0
7.7,76,1
7.68,64,1
7.55,32,0
5.94,78,0
7.69,67,1
7.49,69,1
8.46,44,0
9.79,70,1
8.59,47,0
5.58,67,0
5.23,75,0
8.0,74,1
8.98,95,1
7.77,70,1
6.73,93,0
6.97,71,0
6.62,76,0
5.55,75,0
7.25,56,0
8.72,64,0
7.72,55,0
5.39,76,0
5.84,64,0
6.82,80,0
8.36,54,0
5.75,64,0
5.64,78,0
8.86,35,0
7.48,45,0
9.78,72,1
7.62,66,1
6.98,76,0
7.69,96,1
6.18,82,0
9.91,88,1
7.77,99,1
9.15,46,0
7.48,80,1
8.74,43,0
8.34,32,0
5.73,76,0
5.27,79,0
9.76,89,1
8.14,67,1
6.53,98,0
6.1,42,0
7.44,33,0
6.03,71,1
8.59,73,1
7.75,58,0
9.59,47,0
8.38,85,1
7.37,61,1
8.45,77,0
9.61,66,1
9.24,61,1
6.84,70,0
5.66,97,0
9.49,50,0
5.1,94,0
5.7,51,0
6.91,70,0
8.2,46,0
5.6,86,0
7.08,65,1
8.34,43,0
7.26,97,1
8.57,78,1
9.33,43,0
7.15,80,0
5.32,33,1
8.17,69,1
6.97,38,0
7.79,78,1
9.76,80,1
9.4,83,1
9.58,69,1
5.79,72,0
9.02,36,0
9.64,32,1
5.09,88,0
9.34,36,1
8.99,48,0
7.95,64,1
7.27,30,0
8.09,48,0
9.66,91,0
8.85,46,0
9.67,61,1
7.74,60,0
6.81,89,0
6.36,51,0
5.1,41,0
8.85,98,1
5.52,47,0
5.33,51,0
9.89,98,1
8.51,39,0
7.73,54,0
7.8,39,0
8.91,69,1
6.26,87,0
8.03,63,1
6.73,76,0
6.85,45,0
9.0,62,0
8.51,98,1
5.41,39,1
6.98,72,0
5.58,95,0
8.55,30,0
6.76,30,0
8.13,85,1
5.74,88,0
7.21,78,1
8.0,53,0
6.62,32,1
8.03,51,0
9.03,41,0
8.16,95,1
5.16,97,1
5.39,64,1
8.66,79,1
6.86,87,0
9.25,69,1
9.52,46,0
9.15,65,1
6.3,82,1
8.75,81,1
9.92,62,1
8.5,77,1
8.98,32,0
7.1,49,0
5.04,64,0
7.71,47,0
5.56,82,0
9.15,64,1
6.15,32,0
6.63,57,0
7.6,35,0
7.07,84,1
5.22,62,0
9.8,44,0
6.15,34,0
5.59,55,0
6.11,53,0
7.91,42,1
5.95,67,0
8.69,89,1
5.02,91,0
7.57,90,1
5.43,35,0
8.82,55,0
8.62,92,0
8.2,72,1
9.59,98,0
6.42,38,0
5.58,41,0
5.8,47,0
8.6,60,0
5.89,98,0
5.94,85,0
5.77,63,0
8.39,75,1
7.51,95,1
5.43,38,0
5.97,74,0
8.25,80,1
5.97,31,1
5.79,95,1
8.96,57,0
7.58,79,0
8.69,32,0
8.57,65,1
7.97,51,0
9.25,68,1
8.6,49,0
5.89,96,0
7.24,77,1
6.52,53,0
6.37,68,0
9.9,52,0
8.13,72,1
7.69,30,0
7.38,39,0
6.82,37,0
5.57,62,0
5.14,46,0
7.36,49,0
6.78,88,0
9.23,92,0
7.09,60,1
9.53,65,1
9.45,77,1
7.39,72,1
6.33,36,0
8.51,47,0
8.26,86,1
7.17,50,0
5.97,88,0
6.64,41,0
7.28,57,0
9.68,42,0
9.04,66,1
9.89,63,1
8.37,78,1
8.57,83,1
5.15,66,0
8.11,95,1
5.24,94,0
7.75,58,0
7.47,99,1
5.8,60,0
7.64,67,1
5.08,95,0
5.55,92,0
9.17,87,1
7.26,69,1
6.35,74,0
6.12,67,0
9.25,41,1
8.98,90,1
9.48,66,1
6.7,56,0
5.74,50,0
7.1,74,1
8.97,52,0
9.85,39,0
6.29,39,0
7.96,97,1
5.54,31,0
7.97,31,0
9.07,43,1
8.98,91,1
8.26,42,0
6.3,52,0
9.59,48,0
5.14,33,0
7.84,60,0
6.48,65,0
5.19,91,0
6.03,59,0
5.46,98,1
5.89,43,0
5.86,69,0
9.06,77,1
7.78,79,0
9.08,51,1
7.28,94,0
6.64,56,0
7.16,38,0
9.81,97,1
5.75,88,0
7.31,35,0
9.7,44,0
6.67,37,0
5.02,97,0
7.09,73,1
7.52,89,1
6.15,89,0
6.73,69,0
8.27,66,1
9.03,30,0
9.24,89,0
9.46,61,1
8.33,36,1
6.78,58,0
7.56,55,0
8.77,37,1
9.97,83,0
8.41,39,0
7.88,42,0
6.66,99,0
5.52,35,0
5.33,68,0
9.15,66,1
9.62,59,0
6.45,79,0
7.58,80,1
8.91,72,1
8.05,32,0
9.07,52,0
8.84,48,0
7.03,69,1
6.22,64,1
8.95,67,1
6.3,97,1
5.55,47,0
6.05,94,0
6.94,31,0
9.61,37,0
7.2,54,0
8.8,47,0
9.42,45,1
5.76,94,0
6.82,69,1
6.89,94,0
5.85,40,0
8.53,53,0
8.87,78,1
7.74,89,0
7.86,99,1
9.0,33,0
8.53,47,0
8.67,64,1
9.73,88,0
5.89,46,0
6.08,85,0
5.74,77,0
9.22,81,1
6.67,95,0
5.39,79,0
5.31,75,1
9.56,54,0
9.94,75,1
8.02,73,1
6.26,40,0
5.32,40,0
5.89,31,0
9.45,78,1
6.45,31,1
7.22,72,1
9.95,40,0
9.84,49,0
8.97,99,1
6.3,50,0
5.83,39,0
7.66,98,1
8.78,99,1
5.78,76,0
7.35,53,0
6.25,46,0
7.75,67,1
5.73,81,1
6.63,63,0
9.87,47,0
6.11,88,0
9.47,56,0
9.76,59,0
9.55,53,0
5.82,85,0
6.39,78,0
7.15,48,0
8.63,71,1
9.46,91,1
7.17,56,0
8.68,73,1
6.95,73,0
8.93,91,1
5.17,37,0
6.73,84,0
5.47,31,0
9.38,50,0
7.29,84,1
7.51,32,1
9.05,62,0
5.27,70,0
6.87,79,0
8.77,53,0
6.89,78,0
7.02,51,0
8.18,74,1
9.61,92,1
8.46,40,1
6.45,65,0
7.73,44,0
6.65,86,0
9.36,96,1
7.56,81,1
9.58,41,0
6.58,35,0
6.31,34,0
6.15,42,0
5.85,38,0
5.67,63,0
6.19,62,0
7.39,40,0
9.97,40,0
9.01,46,0
5.03,89,0
7.67,70,1
7.57,69,0
8.18,81,1
6.65,62,0
6.02,92,0
9.99,43,0
7.23,63,0
7.01,45,0
5.72,98,0
8.25,39,0
5.81,60,1
5.86,62,0
6.72,31,0
6.17,32,1
7.6,66,1
8.39,35,0
6.34,31,0
8.94,64,1
7.95,67,1
5.25,94,0
8.25,35,0
6.27,60,1
6.66,30,0
6.57,80,0
6.23,43,0
5.22,64,1
8.95,58,0
5.76,84,0
8.34,75,1
6.38,64,0
9.65,81,0
6.75,85,1
8.48,44,0
7.6,56,0
5.2,88,0
7.27,36,0
5.03,49,0
6.25,51,0
8.54,64,1
7.5,49,1
6.19,53,0
9.66,79,0
9.1,70,1
7.51,37,0
7.46,65,1
7.48,76,1
5.36,43,0
8.73,79,1
6.59,97,0
8.1,58,1
7.6,66,1
8.53,31,0
5.97,49,0
9.09,68,1
5.42,91,0
6.9,91,0
7.43,82,1
5.93,86,0
6.92,78,0
8.4,60,1
8.13,38,0
6.04,80,0
6.82,88,0
7.0,38,0
5.1,96,0
7.59,99,1
9.86,82,1
6.45,85,0
6.81,65,0
8.67,98,1
7.84,92,1
7.76,97,1
7.7,72,1
5.2,84,0
6.53,56,0
7.5,73,1
7.43,35,0
8.73,35,0
8.91,42,0
7.64,44,0
7.72,42,0
5.21,56,0
9.66,81,1
9.81,40,1
6.05,55,0
8.24,36,0
6.26,48,0
6.84,76,0
8.67,73,0
7.07,49,0
6.85,51,0
7.35,97,1
7.29,48,1
7.48,58,1
9.87,73,1
7.94,69,1
6.25,94,0
7.01,53,0
8.63,40,0
5.29,32,0
9.59,92,1
8.53,82,1
7.54,90,1
9.28,63,1
5.88,80,0
5.04,61,0
7.43,63,1
7.73,77,0
5.16,82,0
9.3,45,0
9.76,65,1
6.82,51,0
5.67,50,0
9.05,87,1
9.44,59,0
8.67,34,0
6.67,56,1
8.56,63,1
5.14,99,0
8.01,61,0
9.1,71,1
6.87,39,0
5.04,66,0
9.41,50,0
7.51,61,1
7.56,85,1
9.83,66,0
5.83,85,0
9.61,54,0
8.74,54,0
6.57,81,0
5.7,86,0
5.78,65,1
9.28,51,0
7.52,65,1
5.91,54,0
9.97,61,1
9.87,63,0
7.01,81,1
9.41,49,0
8.16,55,0
5.78,95,0
7.47,66,1
5.14,99,0
8.34,56,0
8.91,51,0
8.2,88,1
7.87,35,1
9.17,64,1
8.32,84,0
7.49,52,0
9.81,33,0
8.71,51,0
5.45,89,0
8.42,83,1
8.7,61,1
6.65,48,0
9.97,56,0
6.3,93,0
5.7,55,0
5.41,58,0
7.65,63,1
9.67,56,0
6.87,92,0
6.57,64,1
7.74,87,1
8.13,80,1
9.23,73,1
8.42,89,1
6.46,34,0
5.26,36,1
9.83,47,0
7.21,45,0
8.97,62,1
8.58,95,1
7.48,76,1
7.33,90,1
7.35,40,0
7.77,84,1
7.97,88,1
8.87,44,0
5.57,48,0
5.6,87,0
8.3,45,0
7.7,74,1
5.49,85,0
9.56,73,1
9.11,54,0
9.79,30,0
9.71,89,1
7.21,56,0
5.79,68,0
9.58,32,0
7.28,33,1
7.24,37,0
6.08,68,0
7.03,38,1
9.36,45,0
6.88,59,0
6.66,51,0
9.91,44,1
8.99,88,1
8.5,36,0
6.68,89,0
6.33,98,0
6.19,82,0
7.39,62,1
7.89,38,0
8.64,34,0
9.55,44,0
7.82,65,1
8.66,38,0
6.15,67,0
8.12,97,1
5.76,34,0
5.94,66,0
8.24,87,0
9.49,39,0
7.42,55,1
6.87,38,0
10.0,52,0
8.09,84,1
8.22,74,1
7.09,89,1
6.59,53,0
9.15,50,0
5.92,83,0
8.94,50,0
7.72,40,0
9.46,79,0
8.69,84,1
8.97,66,1
8.4,65,1
9.05,62,0
6.07,60,0
9.31,56,0
9.63,30,0
7.42,41,0
9.98,57,0
6.22,43,0
5.4,89,0
8.85,80,0
8.38,63,1
9.98,49,0
5.67,69,0
6.32,75,1
7.18,71,1
5.33,30,0
8.25,55,1
5.34,87,0
8.52,44,0
5.35,73,0
6.88,53,0
6.74,80,0
6.35,84,0
5.16,31,0
9.62,77,1
8.83,75,1
5.18,90,0
5.19,79,0
8.08,57,1
9.17,62,1
5.79,66,0
5.82,87,0
9.72,71,1
5.86,83,1
6.55,61,1
5.47,79,0
6.32,76,0
9.3,32,0
7.64,31,1
5.76,47,0
7.65,62,1
6.4,49,0
8.93,30,0
8.93,70,1
5.05,50,0
8.45,50,0
6.46,49,0
5.63,47,0
5.48,52,0
9.52,64,1
7.96,89,1
7.22,94,1
7.5,85,1
8.16,41,0
7.94,74,1
5.46,97,0
8.93,93,1
7.6,32,0
9.22,54,0
5.84,49,0
9.9,38,0
5.53,69,0
8.31,35,0
7.11,40,0
6.55,97,0
6.8,56,0
9.88,52,0
9.61,83,1
8.14,65,1
5.9,77,0
5.24,91,0
5.81,88,0
8.02,80,1
8.11,74,1
9.1,47,0
8.04,65,1
9.88,50,0
6.5,76,0
9.83,35,0
5.42,35,1
7.34,61,1
6.5,99,0
8.96,82,1
8.41,55,0
9.94,71,1
6.78,96,0
6.34,66,0
7.29,55,0
9.37,68,1
8.52,37,0
7.75,55,0
9.38,91,1
7.15,64,1
6.46,35,0
8.07,60,0
6.29,70,0
7.15,46,0
7.48,56,0
8.65,92,1
7.22,68,1
5.46,77,0
7.38,47,0
8.23,68,1
7.74,59,1
9.07,86,1
8.74,52,1
8.39,52,0
8.04,49,0
6.38,63,0
6.53,66,0
7.32,59,0
7.46,61,1
5.53,40,0
8.91,39,0
6.01,59,0
9.02,75,1
9.88,44,1
6.55,99,0
5.73,48,1
7.32,66,1
6.07,63,0
9.68,36,0
7.58,74,1
6.5,42,0
6.32,96,0
6.46,30,1
7.68,96,1
7.97,71,1
9.7,56,0
9.56,47,0
8.62,70,1
9.05,50,0
8.81,44,0
6.53,69,0
6.01,49,0
6.06,85,0
6.76,92,0
8.55,35,0
9.55,57,0
7.27,61,1
6.62,56,0
7.73,86,1
6.17,83,0
6.66,59,0
9.67,38,0
5.88,98,1
8.41,92,1
7.86,37,0
6.03,70,0
9.05,86,1
8.7,33,1
5.37,38,0
9.29,89,1
9.23,32,0
5.19,46,0
8.59,85,0
5.87,70,0
5.36,48,0
7.62,66,1
6.72,78,0
8.49,67,1
7.53,79,1
7.23,87,1
5.95,92,0
5.86,61,0
7.95,47,0
8.28,47,0
8.07,76,1
7.68,32,1
6.87,72,1
7.27,81,0
9.57,92,1
5.63,53,0
7.17,98,1
6.93,34,0
6.21,82,0
7.08,95,1
5.92,85,1
8.33,31,1
6.49,92,0
6.76,34,0
6.7,68,0
7.09,37,0
8.16,64,1
6.73,89,0
5.5,43,1
7.7,49,0
9.13,88,1
7.95,99,1
9.0,37,0
6.13,77,0
6.21,63,0
6.78,61,0
8.44,60,0
9.47,62,0
6.03,78,0
5.32,99,0
8.89,98,1
6.56,50,0
8.2,30,0
9.3,31,0
7.57,87,1
6.16,73,0
6.36,53,0
5.42,32,0
9.82,32,0
7.86,77,1
9.24,67,1
8.91,38,0
9.69,60,0
9.35,60,0
8.95,69,1
7.25,48,0
6.37,92,0
7.95,48,0
5.31,60,0
5.79,86,0
7.6,50,1
9.79,67,1
6.75,67,1
6.22,37,0
8.75,79,1
8.08,54,0
5.6,77,0
6.73,73,0
8.17,72,1
8.6,70,1
6.93,60,0
7.9,84,1
8.58,65,1
8.12,64,1
7.64,93,1
7.35,42,0
5.33,96,0
5.21,83,0
7.43,63,1
9.52,36,1
7.19,77,1
5.05,34,0
9.16,78,1
6.17,52,0
9.55,59,0
5.51,45,1
6.8,86,0
6.96,92,0
9.57,46,0
5.56,31,0
6.32,94,0
6.79,35,0
8.4,57,0
7.51,71,1
6.31,35,0
5.87,82,0
8.37,75,1
9.47,74,1
8.58,98,1
7.24,31,0
5.29,33,0
5.4,90,0
6.38,43,0
5.41,96,0
9.37,98,1
8.43,47,0
5.41,90,0
9.07,62,1
7.33,49,0
7.17,32,0
8.47,99,1
5.74,77,0
9.45,61,1
8.97,35,0
7.89,44,0
5.25,55,0
5.05,37,0
5.76,94,1
8.17,48,0
7.57,90,1
8.09,57,0
7.55,48,0
7.82,52,0
9.29,38,1
7.72,94,1
7.1,83,1
5.72,83,0
6.8,68,0
9.2,81,0
8.9,46,0
9.55,50,0
5.69,77,0
5.43,42,1
6.15,31,0
6.72,62,0
6.77,78,0
8.87,63,1
5.19,65,0
6.45,45,0
7.26,53,0
5.38,60,0
5.16,77,0
5.13,94,0
7.39,78,1
9.01,45,0
6.63,83,0
7.54,83,1
7.12,55,0
8.26,55,0
6.41,95,0
5.84,79,0
5.77,92,0
7.83,84,1
8.68,78,1
7.92,71,0
8.12,84,1
8.62,68,1
9.46,41,0
9.87,75,0
7.43,96,1
7.19,32,0
7.98,45,0
5.44,85,1
8.82,30,0
7.37,70,1
5.1,58,0
5.14,82,0
6.63,60,0
5.64,67,1
6.1,30,0
5.49,98,0
5.28,68,0
6.68,35,1
5.41,74,0
5.42,45,0
9.48,87,1
9.91,36,0
7.31,76,1
9.3,57,0
7.18,30,0
7.94,68,1
6.95,44,0
7.94,92,1
9.64,66,1
8.64,84,1
5.83,59,0
5.1,80,0
8.17,99,1
8.6,81,1
8.66,93,1
9.58,30,0
6.3,68,0
6.29,49,0
9.05,74,1
7.66,77,1
9.95,75,1
8.51,91,1
6.96,95,0
9.29,71,1
7.36,53,0
5.13,30,0
7.43,79,1
6.02,64,0
5.5,54,0
9.11,33,0
7.99,96,1
5.0,70,0
5.29,47,0
8.08,46,0
8.25,59,0
9.19,78,1
9.16,89,1
7.38,56,0
8.17,57,0
9.2,85,1
6.4,94,0
6.25,91,1
8.18,83,1
7.6,92,1
5.16,33,0
8.76,76,1
9.73,64,1
7.62,97,1
7.18,74,0
8.16,45,0
9.45,80,1
5.51,98,0
6.65,80,0
9.64,69,1
9.0,30,0
8.76,59,0
6.54,61,1
5.32,91,1
9.65,35,0
8.64,93,1
9.03,87,1
7.31,54,0
7.2,65,1
9.86,71,1
7.46,54,0
5.7,72,0
7.07,71,1
7.73,81,1
7.0,56,0
6.71,55,0
5.55,84,0
7.92,69,1
8.15,94,0
7.33,80,0
7.83,51,0
9.76,32,0
6.3,45,1
6.39,57,0
8.91,60,0
5.05,46,0
6.62,85,0
7.99,39,1
6.44,99,0
5.75,45,0
7.5,41,0
6.53,79,1
6.87,75,0
6.99,60,0
7.03,50,0
8.01,66,1
6.47,94,0
6.0,38,0
5.28,42,0
6.48,63,0
8.21,46,0
7.55,94,1
9.95,45,0
8.91,53,0
7.2,57,1
8.98,81,0
5.59,79,0
6.83,41,1
9.01,49,0
8.75,77,0
9.45,69,1
6.49,69,0
9.68,41,0
5.04,87,0
6.3,62,0
8.79,38,0
8.25,69,0
6.64,39,0
7.03,48,0
6.72,78,0
8.29,54,0
5.32,97,0
6.44,35,0
9.23,52,1
7.03,71,1
5.16,41,0
6.63,98,1
9.97,92,1
5.24,49,0
6.27,58,0
7.87,51,1
5.64,97,0
9.21,91,1
6.57,83,0
5.86,57,0
6.52,45,1
8.69,67,1
7.41,97,1
6.29,57,0
9.42,40,0
8.13,92,1
9.86,85,1
6.11,46,0
7.02,80,1
7.47,78,1
7.88,68,1
8.63,84,1
5.58,46,0
8.94,79,1
9.26,34,0
8.82,51,0
9.47,49,0
8.86,63,1
7.19,40,0
7.03,81,1
8.33,37,0
8.62,75,1
7.52,36,0
6.56,40,0
6.74,73,0
5.94,85,0
7.04,55,0
6.49,53,1
6.95,63,0
9.82,97,1
7.02,77,1
9.84,90,0
5.84,92,1
6.9,57,1
5.41,93,0
6.56,44,0
7.54,81,1
5.76,39,0
5.02,54,0
6.94,35,0
6.51,43,1
9.7,60,0
9.34,93,0
5.66,42,0
7.34,33,0
5.15,76,0
5.03,80,0
7.58,40,0
8.45,84,1
8.4,31,0
5.29,83,0
8.69,32,1
7.12,93,1
5.74,87,0
7.6,32,0
9.3,67,1
6.15,59,0
7.29,99,1
7.52,42,0
6.88,65,0
5.56,83,0
5.86,34,0
9.46,50,0
7.8,60,0
8.98,65,1
8.46,81,1
9.25,93,1
8.11,74,1
8.04,93,1
8.17,48,0
6.04,87,0
7.59,91,1
5.68,52,0
7.6,54,0
9.01,83,1
6.36,76,0
9.46,32,0
6.16,93,0
6.72,82,0
6.8,74,0
6.31,70,0
5.63,41,0
5.89,88,0
6.76,73,0
7.91,58,0
6.7,94,1
5.13,59,0
8.13,99,1
7.19,57,0
5.69,97,0
5.67,45,0
9.72,34,0
7.77,61,1
9.92,41,0
5.92,32,0
9.01,84,1
8.27,68,1
7.79,40,0
8.51,99,1
9.78,50,0
8.91,88,0
8.85,78,1
7.38,63,0
6.89,78,0
6.9,77,0
6.34,79,0
6.43,42,0
7.0,64,0
9.96,84,1
8.54,39,0
8.14,37,0
6.26,75,0
7.25,43,0
6.73,66,0
6.76,36,0
6.21,50,0
7.15,78,1
9.89,30,0
6.54,97,1
8.87,33,0
8.58,57,0
6.51,82,0
7.08,52,0
6.36,77,0
6.06,62,1
7.49,46,1
8.68,97,1
5.04,78,0
9.38,75,0
5.45,73,0
7.79,69,1
7.91,50,1
6.53,33,0
7.53,46,0
6.64,42,0
9.08,78,1
9.48,48,0
5.67,35,0
7.54,33,0
9.29,71,1
5.3,39,0
6.35,73,0
7.15,35,0
8.9,41,0
6.13,68,0
8.72,62,1
9.66,87,1
7.85,34,0
6.48,93,0
5.38,77,0
6.35,67,0
8.41,50,1
5.9,85,0
8.39,32,0
7.07,52,0
9.63,88,1
8.64,59,0
7.27,30,1
6.76,90,0
6.87,57,0
9.16,49,0
5.36,31,0
7.88,79,0
6.18,83,0
6.45,80,0
5.81,66,1
9.47,33,0
7.51,75,1
7.19,98,1
9.62,83,1
5.67,64,0
5.48,66,0
6.07,86,1
9.65,58,0
5.14,67,1
7.18,32,0
7.44,89,1
9.02,61,1
7.57,36,0
7.67,37,0
6.36,50,0
6.73,47,0
8.86,64,1
9.3,94,0
8.6,70,1
9.24,32,0
8.0,32,0
7.27,36,0
8.18,49,0
5.92,79,1
5.78,91,0
9.94,89,1
6.11,54,0
9.23,84,1
5.79,66,0
6.48,58,0
6.36,43,0
8.49,50,0
6.96,32,0
9.28,73,1
5.13,74,0
5.91,39,1
8.86,87,1
6.45,52,0
9.55,30,0
8.37,74,1
6.27,72,0
8.95,45,0
8.99,41,0
6.59,31,0
6.41,79,0
5.86,41,0
9.71,58,0
6.22,69,0
5.32,37,0
9.82,36,0
5.86,63,0
7.78,33,1
9.47,31,0
9.44,90,1
7.38,40,0
6.36,41,0
5.49,97,0
5.04,73,0
9.3,36,0
7.14,48,0
6.06,64,0
6.99,44,0
8.65,33,0
5.84,50,0
5.24,39,0
8.56,53,0
9.99,85,1
9.92,58,0
7.39,75,1
7.66,62,1
7.56,47,0
7.3,51,0
9.24,63,1
9.03,84,1
9.61,47,0
8.36,48,0
9.46,91,1
9.77,57,0
5.09,64,0
9.88,46,0
8.01,82,1
6.24,82,0
6.56,54,0
7.41,37,0
7.44,60,0
9.7,53,1
6.39,84,0
5.82,63,0
8.84,79,1
8.71,53,0
8.93,43,0
9.36,82,1
6.11,51,0
8.96,30,0
9.56,59,0
5.62,86,0
6.64,83,0
7.8,91,1
5.3,65,0
5.24,76,0
8.04,77,1
5.93,74,0
9.28,44,0
7.14,66,1
5.76,39,0
8.66,34,0
5.52,79,0
6.31,80,0
6.51,73,0
6.72,96,0
5.1,72,0
5.3,47,0
9.53,63,1
6.66,50,0
7.71,79,1
8.21,68,1
9.57,37,0
9.37,71,1
7.3,98,1
9.11,74,1
9.59,85,1
7.01,96,1
9.58,99,1
5.98,59,0
9.65,64,1
9.03,59,0
8.86,49,0
5.85,50,0
9.64,99,1
6.03,49,0
9.22,62,1
8.0,85,1
5.17,96,0
5.34,84,0
5.37,49,1
8.73,81,1
5.63,84,0
9.29,44,0
7.98,41,0
5.37,30,0
8.37,52,0
9.0,79,1
7.93,34,0
7.76,70,1
9.33,32,0
7.83,94,0
8.35,71,0
7.05,34,0
7.0,81,0
8.6,80,1
8.94,75,0
8.13,33,0
7.25,75,1
8.43,67,1
9.83,79,1
7.15,71,1
8.21,44,0
9.62,91,0
5.49,38,0
8.63,76,1
8.83,74,1
9.13,64,0
9.42,69,1
6.57,79,0
7.19,99,1
7.93,42,1
8.12,69,1
8.53,97,1
5.63,82,0
5.15,46,0
5.81,67,0
7.1,51,0
6.44,52,0
6.2,83,0
8.74,60,0
7.96,84,1
7.97,70,1
6.63,97,0
8.38,90,1
8.54,72,1
7.69,76,1
5.99,50,0
9.94,92,1
6.19,83,0
6.93,54,0
5.85,97,0
9.86,40,0
9.03,59,0
8.63,47,0
5.8,74,0
6.31,81,0
6.84,56,0
8.5,63,0
9.25,39,0
8.24,96,1
7.66,70,1
9.99,51,0
6.3,83,0
7.18,74,1
5.18,52,0
9.41,49,0
7.95,59,0
7.71,97,1
5.22,44,0
8.75,32,0
6.22,98,0
5.9,82,0
7.05,61,1
6.45,72,0
6.84,51,0
5.27,48,0
8.19,85,1
7.27,77,0
8.86,68,1
5.18,30,0
5.66,39,0
6.16,79,0
6.53,42,0
7.88,81,0
8.17,49,0
7.37,55,0
6.61,97,0
7.38,36,0
6.29,65,0
7.47,80,1
9.05,74,1
5.35,34,0
5.4,85,0
8.86,66,1
9.37,83,1
5.77,58,0
5.84,45,0
5.87,74,0
6.54,87,0
6.93,41,0
5.41,91,0
9.09,46,0
9.83,96,1
5.91,96,0
8.04,30,0
5.13,37,0
8.24,99,0
7.46,33,0
7.6,89,1
6.18,41,0
6.49,65,0
7.94,57,0
5.73,48,0
9.2,38,0
9.95,81,1
7.37,78,1
5.23,73,1
6.14,64,0
8.94,58,0
9.83,88,1
9.15,51,0
5.36,52,0
6.04,67,0
8.31,41,0
7.76,94,1
6.57,62,1
8.74,96,1
8.2,69,1
8.18,95,1
8.69,44,0
5.55,56,0
7.53,52,0
5.58,65,0
9.51,37,0
6.21,44,0
7.72,37,0
8.49,43,0
8.16,81,1
8.27,83,1
5.83,87,0
6.9,88,0
9.8,96,1
6.84,85,0
7.22,93,1
5.4,71,0
5.04,92,0
5.15,54,0
8.6,76,1
5.06,92,0
8.3,62,1
6.86,72,0
8.15,77,1
7.39,82,1
6.63,88,0
6.38,34,0
5.25,65,0
9.77,69,0
6.1,99,0
5.22,84,0
6.72,84,1
8.5,52,0
6.73,86,0
9.67,64,1
8.73,70,1
6.8,56,0
9.65,93,1
8.81,84,1
6.85,89,0
5.38,96,0
9.73,50,0
8.06,96,1
9.56,30,0
5.72,65,0
7.88,50,0
8.98,81,1
9.55,62,1
8.91,85,1
6.25,82,0
5.78,95,0
8.43,42,0
7.28,77,1
6.98,65,0
8.63,88,0
6.99,71,0
9.22,57,0
7.39,64,1
9.98,31,0
5.11,41,0
7.53,37,0
6.02,73,0
5.62,90,0
6.61,91,0
6.88,33,0
5.04,56,1
7.38,96,1
5.93,38,1
9.65,74,1
7.86,68,1
7.73,96,1
8.76,58,1
5.61,47,1
8.84,68,1
7.04,45,0
7.17,44,0
9.51,56,0
7.63,38,0
6.43,53,0
9.23,72,1
9.19,98,1
9.18,34,0
6.51,90,0
5.39,32,1
5.16,35,0
7.47,62,0
7.53,77,1
8.5,67,1
9.25,48,1
8.04,65,1
6.62,56,0
7.9,98,1
9.97,68,1
5.49,71,0
7.98,53,0
6.76,61,0
6.22,39,0
5.83,84,1
7.53,89,1
9.78,42,0
8.19,66,1
9.59,91,1
9.7,52,0
6.87,61,0
6.64,49,0
6.81,52,0
9.02,36,0
6.58,77,0
8.0,84,1
7.83,83,0
9.6,60,0
5.83,82,0
6.78,45,0
5.41,98,0
7.08,30,0
5.77,50,0
9.99,76,1
8.35,84,1
8.41,37,1
9.28,68,1
5.62,45,0
6.55,79,0
5.48,43,0
5.18,40,0
8.28,56,1
8.12,38,0
7.68,40,0
5.36,67,0
9.92,30,0
8.32,33,0
7.86,82,1
8.8,76,1
6.11,51,0
8.61,99,1
7.06,72,1
6.78,91,0
7.63,47,0
7.85,90,0
9.29,68,1
9.91,43,0
7.09,31,0
7.94,69,1
5.67,96,1
8.51,96,1
7.07,97,1
7.56,72,1
5.94,82,0
9.27,34,0
6.41,93,0
6.26,60,0
5.56,64,0
5.41,74,0
9.07,85,1
6.95,83,0
6.85,67,0
9.49,33,0
5.2,93,0
7.58,60,0
8.09,82,1
9.91,70,1
7.34,32,0
5.52,69,1
6.85,82,0
8.12,82,1
8.26,36,0
5.93,48,0
6.84,65,0
8.75,35,1
8.22,45,0
5.09,54,0
7.11,75,1
9.85,49,1
7.98,76,0
6.91,56,0
8.3,62,1
5.03,41,0
7.91,66,1
7.01,38,0
5.81,94,0
9.15,83,0
6.28,87,0
9.15,47,0
5.07,30,0
5.27,79,0
9.87,72,1
6.13,78,0
9.16,35,0
6.31,61,0
6.94,57,0
8.19,68,1
6.62,80,0
6.39,74,0
9.67,46,0
7.01,34,0
6.98,49,0
6.15,31,0
6.59,55,0
7.65,68,1
5.69,47,0
7.87,72,1
7.76,32,0
7.6,45,0
7.5,52,0
6.27,78,0
8.74,41,0
8.42,78,1
7.37,78,1
9.1,38,0
6.64,60,0
7.38,46,0
8.93,42,0
8.26,88,1
7.94,52,0
9.84,49,0
6.91,78,0
9.91,62,0
8.62,83,1
7.15,32,0
6.31,36,0
9.25,58,0
9.57,39,0
9.03,42,0
9.63,77,1
8.08,71,1
8.57,74,1
9.55,74,1
5.65,89,0
5.19,39,0
7.19,46,0
8.45,75,1
9.33,83,1
5.3,85,0
5.2,47,0
7.44,99,1
6.78,50,0
5.59,58,0
9.23,55,1
8.69,41,0
7.16,34,1
7.7,79,0
9.83,42,0
5.49,93,0
6.67,98,0
9.78,35,0
7.77,39,0
7.34,53,0
5.5,47,0
9.91,60,0
9.0,87,0
6.97,57,1
7.88,95,1
8.57,93,1
5.23,56,0
7.51,94,1
7.95,78,1
6.59,66,0
5.7,73,0
9.14,75,0
8.16,99,1
9.29,83,1
5.55,61,1
6.8,53,0
7.65,67,1
8.33,99,1
8.26,54,0
5.63,38,0
9.93,58,0
6.33,87,0
9.66,57,0
9.62,39,0
5.01,81,0
7.88,58,0
7.26,78,1
5.56,46,0
9.26,32,0
6.94,97,0
9.94,80,1
5.28,78,0
7.71,76,1
7.82,48,0
9.25,63,1
9.84,71,1
7.05,32,0
9.12,66,0
5.63,86,0
9.99,77,1
5.51,65,0
5.37,90,0
9.12,62,1
7.09,89,1
9.98,52,0
5.62,69,1
7.59,45,0
6.89,69,0
9.09,32,0
8.77,78,1
8.49,54,0
9.82,96,1
5.16,62,0
8.55,86,1
8.44,99,1
9.61,87,1
8.09,97,1
9.18,54,0
6.96,48,0
9.68,38,0
6.13,72,1
9.36,66,1
9.02,89,1
8.76,92,1
5.54,67,0
5.17,47,0
8.85,46,0
7.71,36,0
8.42,35,0
9.06,96,1
6.45,56,0
7.08,35,1
9.7,33,0
6.29,30,0
7.47,66,1
9.61,55,0
5.82,72,0
8.45,97,1
9.42,95,1
5.77,89,0
6.81,83,0
8.03,32,1
8.04,65,1
9.46,33,0
8.84,56,0
7.6,57,0
6.15,87,0
9.19,64,1
9.17,55,0
8.4,76,1
5.18,96,1
6.09,56,0
5.8,41,0
6.79,99,0
8.17,38,0
8.74,48,0
7.41,99,1
7.61,82,1
5.09,81,0
8.38,42,0
5.24,50,0
5.08,50,0
9.92,82,1
8.68,50,0
7.77,63,1
7.32,73,1
8.74,38,0
9.01,97,1
9.13,62,1
8.94,67,1
9.1,43,1
8.71,51,0
5.32,99,1
9.92,39,0
5.42,57,1
5.04,56,0
9.31,56,0
8.3,59,0
6.02,76,0
6.41,30,0
7.11,47,0
6.44,58,0
9.32,79,1
5.05,76,0
7.59,86,1
9.44,80,1
5.76,67,0
9.36,60,0
5.1,85,0
9.59,33,0
8.34,99,1
9.47,52,0
6.42,59,0
9.26,52,0
9.22,58,0
7.67,31,1
9.76,36,0
8.38,32,0
7.57,34,0
9.5,81,1
5.13,71,0
5.43,87,0
6.06,91,0
7.42,82,1
7.13,96,1
8.17,57,0
9.8,50,0
5.86,93,0
8.59,36,0
6.48,83,0
6.53,45,0
9.39,64,1
9.6,35,0
5.51,78,0
8.93,76,1
5.77,39,1
6.87,66,0
5.0,36,0
5.23,55,0
5.67,44,0
8.77,68,1
5.53,46,0
6.51,62,0
8.23,63,1
9.94,66,1
8.09,58,0
9.43,92,1
5.43,51,0
7.85,59,0
6.22,44,0
9.18,66,1
6.57,97,0
6.5,88,0
6.7,72,0
9.83,49,0
9.26,59,0
6.79,98,0
6.31,98,0
9.59,74,1
5.16,57,0
8.64,98,0
7.38,87,1
8.97,49,0
9.94,40,0
7.74,54,1
9.02,31,1
6.46,71,1
7.51,36,0
7.52,34,0
7.07,95,1
8.58,33,0
7.75,47,0
6.19,38,0
8.73,78,1
5.22,71,0
6.81,93,0
9.79,99,0
7.63,87,1
9.94,36,0
7.18,65,0
6.9,91,0
9.58,52,0
5.92,81,0
5.36,89,0
7.73,40,1
7.96,33,0
7.15,85,1
8.79,86,1
7.64,58,0
6.25,73,0
6.35,49,0
8.5,40,1
6.41,68,0
5.35,79,0
9.06,39,0
9.03,79,1
8.68,60,0
5.06,95,0
9.01,75,1
7.73,89,1
8.02,55,0
8.29,52,0
5.14,94,0
5.39,31,0
6.37,91,0
7.94,93,1
8.5,43,0
9.81,98,1
5.36,52,0
6.81,32,0
8.54,75,1
9.1,54,1
9.58,61,1
5.45,84,0
6.26,79,0
5.3,50,0
8.7,38,0
7.81,59,0
6.7,62,0
7.99,80,1
9.32,69,1
8.23,42,0
5.5,89,0
6.75,68,0
8.32,93,1
7.06,91,1
6.35,96,0
9.67,97,0
9.76,97,1
7.2,39,0
5.15,79,1
9.12,81,1
9.57,89,1
8.51,39,0
9.55,61,1
5.84,85,0
7.17,82,0
6.96,94,1
5.28,66,0
7.29,42,0
8.24,47,0
8.93,76,0
6.1,59,0
9.12,80,1
7.71,92,1
6.3,51,0
8.7,57,0
6.21,92,0
9.89,81,0
8.06,79,1
7.12,38,0
5.32,92,0
9.42,90,0
9.56,46,0
7.03,42,0
5.2,61,1
5.62,33,0
7.94,94,1
7.4,66,1
5.17,65,0
8.62,93,1
8.39,71,1
9.27,34,0
6.97,70,0
8.11,35,0
7.48,79,1
8.1,43,0
6.5,87,0
8.12,87,1
8.69,42,0
8.91,67,1
8.97,35,0
9.05,71,1
9.93,97,1
6.16,57,0
5.44,51,0
8.05,43,0
5.07,45,0
8.44,36,1
6.37,77,1
9.16,74,1
6.66,39,0
7.08,83,1
7.21,59,0
6.0,81,0
7.13,70,1
7.53,52,1
9.11,41,0
6.39,54,0
9.24,72,1
7.41,91,1
5.1,62,0
7.44,40,1
9.8,70,1
9.99,87,1
6.89,70,0
5.35,83,0
9.33,68,1
6.29,59,0
9.94,34,0
5.06,82,0
8.38,89,0
7.64,72,0
8.7,95,1
6.52,43,0
5.34,31,1
6.37,73,0
9.9,80,1
8.97,66,1
9.47,91,1
8.84,53,0
7.83,87,1
7.94,62,1
5.95,34,0
7.98,32,0
9.62,58,0
7.76,48,0
6.09,60,0
8.54,96,1
9.18,45,0
6.94,54,0
6.91,77,0
7.1,53,0
5.83,39,0
9.4,83,1
7.75,64,1
6.25,72,0
7.68,52,1
9.2,99,1
5.34,75,0
9.49,34,0
7.95,63,1
9.36,60,0
7.67,64,1
6.65,95,0
7.28,98,0
9.12,43,0
6.04,93,0
9.52,33,0
5.93,80,0
5.2,69,0
8.67,95,1
9.79,99,1
9.34,90,1
7.27,48,0
9.16,37,0
7.23,36,0
6.74,69,0
8.63,68,1
7.71,43,0
8.57,52,0
9.21,85,1
9.34,66,1
5.97,89,0
8.53,67,1
9.6,78,1
9.85,34,0
5.69,32,0
8.24,63,1
6.55,56,0
9.08,62,1
8.07,48,0
7.59,38,0
6.39,97,0
9.13,54,0
8.01,73,1
7.38,79,0
5.61,48,0
6.28,96,0
5.82,45,0
8.9,47,0
6.42,54,0
6.62,59,0
9.66,77,1
7.76,76,1
8.95,61,1
9.43,75,0
9.04,71,0
8.51,31,0
6.21,82,0
9.83,91,0
9.04,35,0
8.35,98,1
6.2,76,0
6.72,49,0
9.57,47,0
9.08,99,1
6.45,88,0
8.0,40,0
8.28,64,1
9.42,31,0
6.43,44,0
5.39,68,0
6.92,75,0
9.92,93,1
7.5,46,0
5.62,51,0
9.66,73,1
9.54,45,0
7.15,83,1
5.55,51,0
8.17,68,1
6.69,31,0
5.11,88,0
7.96,47,0
5.49,64,0
5.99,82,0
8.08,80,1
9.47,46,0
8.69,74,1
5.99,79,0
8.74,95,1
8.95,72,1
6.35,51,0
7.26,30,1
7.23,33,0
5.03,54,0
9.21,72,1
7.64,48,0
9.07,52,0
6.85,54,1
8.77,75,1
5.87,38,0
7.16,76,1
8.23,69,1
8.1,75,1
6.36,30,0
7.88,49,1
7.53,31,0
5.82,93,0
5.9,47,0
9.22,88,1
8.19,95,1
6.14,51,0
9.57,90,1
8.09,53,0
5.18,74,1
6.82,51,0
8.49,83,1
7.7,47,0
5.74,41,0
7.76,63,1
9.12,48,0
7.37,48,0
9.83,46,0
7.09,81,1
8.43,59,0
5.49,41,0
9.05,35,0
6.86,32,0
7.45,97,0
7.44,78,1
7.84,77,1
6.5,73,0
7.69,52,0
9.54,39,0
7.46,49,1
9.2,86,1
6.53,83,0
6.53,64,0
6.78,68,0
9.04,69,1
5.49,94,0
9.44,92,1
6.14,67,0
9.65,93,1
8.18,37,0
8.27,65,1
5.26,72,0
7.74,40,0
8.66,96,1
9.8,70,1
9.67,73,0
5.8,60,0
8.14,63,1
7.3,57,1
5.51,49,0
5.31,37,0
9.17,50,0
5.62,68,0
8.04,99,1
8.99,73,1
7.18,98,1
9.26,46,0
5.34,41,0
9.31,65,1
7.39,87,1
9.95,36,0
8.23,64,1
9.52,48,0
7.82,97,1
8.1,54,0
7.38,99,1
9.47,74,1
7.36,40,0
8.59,84,1
5.92,85,0
9.14,91,1
7.37,67,1
6.59,30,0
6.9,67,0
8.27,40,0
6.33,96,0
8.48,74,1
7.81,98,1
5.71,31,0
7.7,93,1
8.45,95,1
7.52,85,1
5.32,90,0
9.91,71,1
7.6,83,1
7.51,95,1
9.83,88,1
9.35,69,1
6.1,42,0
6.7,80,0
9.39,50,0
9.91,64,1
5.32,64,0
9.12,57,0
7.11,66,1
6.95,97,0
7.59,47,0
8.56,50,0
8.79,86,1
7.33,50,0
6.16,36,0
9.38,34,0
7.52,89,1
5.89,50,0
9.83,42,0
7.66,97,1
9.94,30,0
9.64,90,1
9.17,82,1
6.87,77,0
5.64,73,0
5.48,99,0
6.86,77,0
8.05,61,1
9.69,70,1
6.89,87,1
8.3,54,0
7.08,85,1
7.5,88,1
9.72,98,1
7.17,45,0
9.44,38,0
7.91,65,1
6.49,83,1
6.19,43,0
5.55,93,0
9.64,56,0
5.79,66,0
9.78,45,0
7.6,53,0
5.08,99,1
5.8,94,0
5.95,95,0
7.51,96,1
9.53,85,1
5.36,93,0
8.23,48,0
9.81,72,1
6.04,95,0
5.22,91,0
9.65,66,1
9.79,33,0
8.84,68,1
7.25,67,0
6.08,82,1
6.55,76,0
9.19,58,0
8.44,38,0
6.04,32,0
9.16,71,1
6.51,41,0
8.03,55,0
5.28,99,0
7.2,84,1
5.59,47,0
7.63,66,0
5.94,73,0
9.21,51,0
8.77,39,0
9.43,35,0
8.24,60,0
6.85,99,0
5.81,64,0
5.55,98,0
9.9,72,1
7.19,33,0
6.43,50,0
9.59,35,0
8.83,40,0
9.52,73,1
7.58,41,0
9.22,34,1
8.39,30,0
9.01,48,1
6.79,67,0
6.95,46,0
6.06,84,0
7.01,64,1
9.19,81,1
9.48,98,1
5.88,32,0
7.8,89,1
5.35,48,0
7.69,32,1
7.51,98,1
6.66,88,1
8.47,48,0
6.1,33,0
9.45,93,1
7.09,40,0
8.05,98,1
8.17,78,1
8.34,77,1
7.77,39,1
8.74,41,1
9.78,76,1
6.16,86,0
7.32,91,1
6.82,82,0
6.65,32,0
6.15,95,0
8.85,52,0
8.07,58,0
6.63,39,0
8.2,96,1
5.92,78,0
6.31,40,0
6.58,57,0
5.9,55,0
6.75,76,0
6.09,40,0
7.62,65,0
7.5,46,0
8.98,91,1
7.36,83,0
9.62,36,0
6.83,71,0
5.96,59,1
8.62,81,1
6.62,94,0
6.19,96,0
7.59,86,1
8.42,94,1
8.27,47,0
8.24,78,1
8.17,46,0
9.89,37,0
9.84,77,1
5.19,38,0
7.57,95,1
9.25,60,0
5.1,67,0
6.53,71,0
8.2,97,1
8.62,70,0
7.53,71,0
5.09,45,0
9.51,61,1
6.31,45,0
9.66,56,0
9.19,48,0
5.71,30,0
7.99,58,0
9.5,90,1
5.52,87,0
6.51,52,0
9.7,66,1
9.79,86,1
9.22,94,1
5.01,99,0
9.81,77,1
9.45,48,0
9.04,56,0
5.17,43,0
5.36,90,0
9.41,85,1
6.84,45,0
5.03,61,0
9.48,46,0
8.86,32,0
6.37,40,0
8.62,49,0
7.29,32,1
7.25,70,1
8.34,36,1
6.93,80,0
7.21,73,1
9.94,35,1
9.64,60,0
9.79,33,0
6.58,44,0
8.85,58,1
7.82,60,0
6.91,86,0
5.62,42,0
8.77,58,0
9.51,88,1
5.88,92,0
8.17,74,1
6.81,69,0
8.93,43,0
7.63,64,1
6.31,89,0
9.84,66,1
7.74,33,1
6.36,55,0
10.0,76,1
7.97,79,0
8.17,82,1
7.69,68,1
8.54,86,1
6.82,84,0
6.92,85,0
8.31,36,0
5.15,39,1
5.44,83,0
6.31,45,0
5.97,58,0
6.96,40,0
9.91,46,0
8.7,85,1
9.79,40,0
5.53,66,0
7.13,69,1
9.3,63,1
5.38,70,0
6.21,79,0
6.4,58,0
6.99,52,0
7.61,84,1
9.18,81,1
9.94,42,0
8.46,38,0
9.5,55,0
7.54,95,1
7.46,41,0
5.97,84,0
7.04,60,0
5.84,66,0
9.94,56,0
6.5,32,0
9.64,53,0
5.16,77,1
8.41,67,1
7.61,50,0
7.01,70,1
9.17,44,0
6.3,80,0
7.01,73,1
6.03,70,0
6.26,67,0
6.54,79,0
8.32,38,0
8.86,35,0
7.68,57,0
9.98,45,0
8.07,51,0
9.48,61,0
6.82,68,0
9.12,83,1
6.17,51,0
6.13,87,0
8.91,67,1
8.94,60,0
5.03,72,0
5.82,50,0
5.11,65,0
6.96,38,0
8.26,65,1
6.38,76,0
7.12,81,1
8.87,81,1
9.12,67,1
5.27,68,0
6.5,88,0
6.95,89,0
9.45,96,1
8.98,63,0
5.85,82,0
8.32,41,0
9.16,77,1
6.14,50,0
9.92,99,1
5.26,59,0
5.83,37,0
7.23,94,1
7.25,61,1
7.78,74,1
7.06,35,0
9.98,38,1
5.29,51,0
7.7,82,1
6.95,64,0
9.22,94,1
8.56,49,0
7.52,60,0
6.94,49,0
8.92,46,0
5.72,65,0
5.11,72,0
8.96,73,1
8.35,38,0
6.94,32,0
5.98,53,0
9.33,31,0
7.85,98,1
9.7,49,0
8.5,67,0
9.91,83,1
7.91,41,0
5.37,63,0
8.23,30,0
6.84,38,0
9.5,34,0
8.89,48,0
8.63,84,1
6.07,97,0
9.93,54,0
5.8,58,0
6.15,45,0
7.41,47,0
7.57,82,1
6.96,55,0
8.75,51,0
5.03,51,0
5.59,53,0
8.7,49,0
8.99,42,0
9.48,79,1
7.95,93,1
9.09,44,1
6.17,37,0
6.51,41,0
9.25,94,1
9.57,89,1
9.77,94,1
6.6,91,1
8.07,78,1
6.38,74,0
8.38,82,1
6.08,57,0
6.34,61,0
7.1,93,1
6.24,93,0
7.44,53,0
9.43,62,1
7.53,99,1
7.99,66,1
6.79,85,1
7.38,95,1
6.31,48,0
8.37,51,0
5.23,49,0
7.48,65,1
5.7,57,0
7.07,30,0
6.7,59,0
9.74,39,0
6.82,33,0
5.01,30,0
7.04,30,0
8.74,83,1
8.68,89,1
8.72,42,0
6.01,63,0
6.29,46,0
8.49,41,0
7.5,61,1
5.68,71,0
8.41,66,1
9.92,75,1
7.15,95,1
9.9,62,1
9.81,51,0
6.84,99,0
6.64,62,1
5.21,64,0
9.35,97,1
7.1,67,1
9.57,31,1
5.85,62,0
9.14,55,0
9.54,63,1
6.87,58,0
5.75,72,0
5.92,98,0
9.26,85,1
8.8,97,1
5.98,95,1
7.9,53,0
5.07,53,0
6.0,93,0
5.05,46,0
5.26,47,0
6.27,33,0
9.2,50,1
7.87,93,1
7.72,73,1
6.32,53,0
5.66,53,0
9.24,36,0
9.25,53,0
8.53,64,0
8.29,54,0
9.28,54,0
7.75,33,0
6.97,99,0
7.45,43,0
8.8,86,0
8.32,46,0
6.81,38,0
7.98,38,0
9.79,61,1
6.81,83,0
9.89,56,0
8.78,48,0
5.15,97,0
7.81,77,1
6.45,93,0
5.64,47,0
5.73,81,0
9.99,59,0
7.53,59,0
5.44,84,0
8.36,78,1
7.17,35,0
5.99,34,0
7.54,86,1
6.08,38,0
7.44,63,1
9.82,56,0
6.05,88,0
9.63,82,1
5.53,41,0
5.3,49,0
7.6,69,1
7.75,97,1
8.38,85,1
8.41,54,0
7.54,65,1
8.22,65,0
7.33,94,1
5.5,62,0
5.26,56,0
5.72,71,0
9.13,86,1
5.08,93,0
8.42,99,1
5.58,80,0
5.38,88,0
9.53,42,0
5.76,32,0
9.69,72,1
8.28,97,1
6.03,94,0
6.46,34,0
6.97,88,0
7.75,76,1
8.92,52,0
5.14,98,0
7.21,58,0
6.5,97,0
9.14,93,1
7.72,84,1
9.6,51,0
7.73,80,1
8.26,71,1
9.2,91,1
5.6,90,0
7.1,96,1
7.28,42,0
9.7,51,0
9.43,95,0
7.45,95,1
7.16,92,0
5.96,95,0
6.93,44,0
7.34,53,0
9.25,54,1
7.76,85,1
5.46,38,0
9.65,40,0
8.85,76,1
8.15,98,1
5.58,58,0
9.2,49,0
9.2,34,0
6.35,53,0
5.48,32,0
6.08,99,0
6.56,47,0
5.02,57,0
8.13,68,0
5.57,84,0
9.87,30,0
9.62,50,0
5.99,67,0
6.28,98,0
6.6,55,1
8.36,71,1
6.32,95,0
9.46,30,0
9.88,77,1
6.64,45,0
8.43,66,1
5.53,40,0
7.73,81,0
6.36,44,1
9.36,45,0
6.47,69,0
9.54,63,1
6.24,65,0
5.91,32,0
